{"cameraMode":{"drawMode":0,"name":"Shaded","section":"Shading Mode"},"sceneLighting":true,"audioPlay":false,"sceneViewState":{"m_AlwaysRefresh":false,"showFog":true,"showSkybox":true,"showFlares":true,"showImageEffects":true,"showParticleSystems":true,"showVisualEffectGraphs":true,"m_FxEnabled":true},"in2DMode":false,"pivot":{"x":4.425778865814209,"y":2.7613983154296877,"z":14.220488548278809},"rotation":{"x":-0.03482889384031296,"y":0.4617973268032074,"z":-0.021469589322805406,"w":-0.8863651752471924},"size":2.5581181049346926,"orthographic":false}